model,overall_mse,overall_mae,overall_corr,acf_mse,ccf_mse,fcf_mse
mlp,0.0018975244602188468,0.025609703734517097,0.9622864788770675,0.004411125555634499,0.0006158999167382717,0.000665549305267632
resmlp,0.001382561051286757,0.022161440923810005,0.9726511453390121,0.0029421846847981215,0.0005754948360845447,0.000630003574769944
mean_curve,0.10598347336053848,0.29036080837249756,0.838049920241038,0.11709124594926834,0.13816998898983002,0.06268908828496933
channel_type_mean,0.02480507455766201,0.11315424740314484,0.847950412184,0.03423069417476654,0.011546536348760128,0.02863798849284649
ridge,0.010081269778311253,0.06647657603025436,0.8159920404409058,0.01905197836458683,0.0016285540768876672,0.009563274681568146
random_forest,0.0014721903111929774,0.024120176992697463,0.9597817763648345,0.002522581827938306,0.0009457480797075967,0.0009482410259330303
knn,0.004949233494699001,0.04044412449002266,0.9469399139285087,0.011332745663821697,0.0013920734636485577,0.0021228822879493237
