{
  "velocity_ood": {
    "samples": 2000,
    "normalized_feature_min": [
      0.0,
      0.0,
      1.350000023841858,
      0.0,
      0.0,
      0.0,
      0.000614567834418267,
      0.0
    ],
    "normalized_feature_max": [
      1.0,
      1.0,
      1.350000023841858,
      1.0,
      0.9988756775856018,
      1.0,
      0.9995567202568054,
      1.0
    ],
    "all_outside_training": true,
    "velocity_mps_min": 45.0,
    "velocity_mps_max": 45.0
  },
  "k_factor_ood": {
    "samples": 2000,
    "normalized_feature_min": [
      1.0,
      0.0,
      0.0004381442558951676,
      0.0,
      1.2000000476837158,
      0.0,
      0.0021061766892671585,
      0.0
    ],
    "normalized_feature_max": [
      1.0,
      1.0,
      0.9999257326126099,
      1.0,
      1.2000000476837158,
      1.0,
      0.9996912479400635,
      1.0
    ],
    "all_rician": true,
    "all_k_factor_18_db": true
  },
  "path_num_ood": {
    "samples": 2000,
    "normalized_feature_min": [
      0.0,
      0.0,
      9.358316310681403e-05,
      1.6666666269302368,
      0.0,
      0.0,
      0.0004220122063998133,
      0.0
    ],
    "normalized_feature_max": [
      1.0,
      1.0,
      0.9973959922790527,
      1.6666666269302368,
      0.999872624874115,
      1.0,
      0.9996412396430969,
      1.0
    ],
    "all_num_paths_24": true
  },
  "delay_spread_ood": {
    "samples": 2000,
    "normalized_feature_min": [
      0.0,
      0.0,
      0.00045630091335624456,
      0.0,
      0.0,
      0.0,
      1.6666666269302368,
      0.0
    ],
    "normalized_feature_max": [
      1.0,
      1.0,
      0.9985001087188721,
      1.0,
      0.9988296627998352,
      1.0,
      1.6666666269302368,
      1.0
    ],
    "all_outside_training": true
  },
  "bandwidth_ood": {
    "samples": 2000,
    "normalized_feature_min": [
      0.0,
      0.0,
      0.0004484228265937418,
      0.0,
      0.0,
      0.0,
      0.000924292195122689,
      2.3333332538604736
    ],
    "normalized_feature_max": [
      1.0,
      1.0,
      0.9993094205856323,
      1.0,
      0.9994013905525208,
      1.0,
      0.9992902278900146,
      2.3333332538604736
    ],
    "all_outside_training": true
  }
}