{
  "velocity_ood": {
    "samples": 2000,
    "feature_names": [
      "is_rician",
      "fc",
      "velocity_mps",
      "num_paths",
      "k_factor_db",
      "antenna_spacing",
      "delay_spread",
      "bandwidth"
    ],
    "normalized_feature_min": [
      0.0,
      0.0,
      1.350000023841858,
      0.0,
      0.0,
      0.0,
      0.000614567834418267,
      0.0
    ],
    "normalized_feature_max": [
      1.0,
      1.0,
      1.350000023841858,
      1.0,
      0.9988756775856018,
      1.0,
      0.9995567202568054,
      1.0
    ],
    "all_outside_training": true,
    "velocity_mps_min": 45.0,
    "velocity_mps_max": 45.0
  },
  "k_factor_ood": {
    "samples": 2000,
    "feature_names": [
      "is_rician",
      "fc",
      "velocity_mps",
      "num_paths",
      "k_factor_db",
      "antenna_spacing",
      "delay_spread",
      "bandwidth"
    ],
    "normalized_feature_min": [
      1.0,
      0.0,
      0.0010588752338662744,
      0.0,
      1.2000000476837158,
      0.0,
      0.00015919865109026432,
      0.0
    ],
    "normalized_feature_max": [
      1.0,
      1.0,
      0.9982306361198425,
      1.0,
      1.2000000476837158,
      1.0,
      0.9992924928665161,
      1.0
    ],
    "all_rician": true,
    "all_k_factor_18_db": true
  },
  "path_num_ood": {
    "samples": 2000,
    "feature_names": [
      "is_rician",
      "fc",
      "velocity_mps",
      "num_paths",
      "k_factor_db",
      "antenna_spacing",
      "delay_spread",
      "bandwidth"
    ],
    "normalized_feature_min": [
      0.0,
      0.0,
      0.00015200761845335364,
      1.6666666269302368,
      0.0,
      0.0,
      0.00030956658883951604,
      0.0
    ],
    "normalized_feature_max": [
      1.0,
      1.0,
      0.9985467195510864,
      1.6666666269302368,
      0.9998362064361572,
      1.0,
      0.9989345073699951,
      1.0
    ],
    "all_num_paths_24": true
  },
  "delay_spread_ood": {
    "samples": 2000,
    "feature_names": [
      "is_rician",
      "fc",
      "velocity_mps",
      "num_paths",
      "k_factor_db",
      "antenna_spacing",
      "delay_spread",
      "bandwidth"
    ],
    "normalized_feature_min": [
      0.0,
      0.0,
      0.0004363278276287019,
      0.0,
      0.0,
      0.0,
      1.6666666269302368,
      0.0
    ],
    "normalized_feature_max": [
      1.0,
      1.0,
      0.9999287724494934,
      1.0,
      0.9999346733093262,
      1.0,
      1.6666666269302368,
      1.0
    ],
    "all_outside_training": true
  },
  "bandwidth_ood": {
    "samples": 2000,
    "feature_names": [
      "is_rician",
      "fc",
      "velocity_mps",
      "num_paths",
      "k_factor_db",
      "antenna_spacing",
      "delay_spread",
      "bandwidth"
    ],
    "normalized_feature_min": [
      0.0,
      0.0,
      3.2279614970320836e-05,
      0.0,
      0.0,
      0.0,
      0.0011540355626493692,
      2.3333332538604736
    ],
    "normalized_feature_max": [
      1.0,
      1.0,
      0.9998875260353088,
      1.0,
      0.9997881650924683,
      1.0,
      0.9995496273040771,
      2.3333332538604736
    ],
    "all_outside_training": true
  }
}