{
  "acf_mse": 0.0029421846847981215,
  "acf_mae": 0.03391525149345398,
  "acf_corr": 0.8961038749217987,
  "acf_lag0_error": 0.004230882506817579,
  "acf_pred_total_variation": 0.8664612770080566,
  "acf_true_total_variation": 2.421801805496216,
  "ccf_mse": 0.0005754948360845447,
  "ccf_mae": 0.01632394641637802,
  "ccf_corr": 0.9486560703516006,
  "ccf_lag0_error": 0.004211415071040392,
  "ccf_pred_total_variation": 2.573061466217041,
  "ccf_true_total_variation": 3.993579387664795,
  "fcf_mse": 0.000630003574769944,
  "fcf_mae": 0.01624510996043682,
  "fcf_corr": 0.9945422050952911,
  "fcf_lag0_error": 0.004249901045113802,
  "fcf_pred_total_variation": 0.4242555797100067,
  "fcf_true_total_variation": 0.45187580585479736,
  "overall_mse": 0.001382561051286757,
  "overall_mae": 0.022161440923810005,
  "overall_relative_error": 0.054723271040659306,
  "overall_corr": 0.9726511453390121,
  "lag0_error": 0.0042307330295443535,
  "out_of_range_fraction": 0.0,
  "pred_total_variation": 1.2879260778427124,
  "true_total_variation": 2.289085865020752,
  "mse": 0.001382561051286757,
  "mae": 0.022161440923810005,
  "relative_error": 0.054723271040659306,
  "curve_correlation": 0.9726511453390121
}