{
  "acf_mse": 0.004411125555634499,
  "acf_mae": 0.04233928769826889,
  "acf_corr": 0.8591352429986,
  "acf_lag0_error": 0.006500067189335823,
  "acf_pred_total_variation": 0.6661924719810486,
  "acf_true_total_variation": 2.421801805496216,
  "ccf_mse": 0.0006158999167382717,
  "ccf_mae": 0.017107484862208366,
  "ccf_corr": 0.9345900910695394,
  "ccf_lag0_error": 0.0064997379668056965,
  "ccf_pred_total_variation": 2.5249764919281006,
  "ccf_true_total_variation": 3.993579387664795,
  "fcf_mse": 0.000665549305267632,
  "fcf_mae": 0.017382347956299782,
  "fcf_corr": 0.993372155268987,
  "fcf_lag0_error": 0.006512469612061977,
  "fcf_pred_total_variation": 0.4162910580635071,
  "fcf_true_total_variation": 0.45187580585479736,
  "overall_mse": 0.0018975244602188468,
  "overall_mae": 0.025609703734517097,
  "overall_relative_error": 0.06410968115670876,
  "overall_corr": 0.9622864788770675,
  "lag0_error": 0.0065040914341807365,
  "out_of_range_fraction": 0.0,
  "pred_total_variation": 1.2024867534637451,
  "true_total_variation": 2.289085865020752,
  "mse": 0.0018975244602188468,
  "mae": 0.025609703734517097,
  "relative_error": 0.06410968115670876,
  "curve_correlation": 0.9622864788770675,
  "best_epoch": 100,
  "best_val_mse": 0.0018174914875999093,
  "epochs": 100,
  "checkpoint_sha256": "25c0f8a11dd24843507ec158597f3ec79281c7594ac6819438d5df374312d63a"
}