{
  "mean_curve": {
    "acf_mse": 0.11709124594926834,
    "acf_mae": 0.31291940808296204,
    "acf_corr": 0.7595523477991422,
    "acf_lag0_error": 0.0,
    "acf_pred_total_variation": 0.5115885138511658,
    "acf_true_total_variation": 2.421801805496216,
    "ccf_mse": 0.13816998898983002,
    "ccf_mae": 0.3542823791503906,
    "ccf_corr": 0.7898393227656683,
    "ccf_lag0_error": 0.0,
    "ccf_pred_total_variation": 1.823440432548523,
    "ccf_true_total_variation": 3.993579387664795,
    "fcf_mse": 0.06268908828496933,
    "fcf_mae": 0.20388059318065643,
    "fcf_corr": 0.9545537328322728,
    "fcf_lag0_error": 0.0,
    "fcf_pred_total_variation": 0.42706677317619324,
    "fcf_true_total_variation": 0.45187580585479736,
    "overall_mse": 0.10598347336053848,
    "overall_mae": 0.29036080837249756,
    "overall_relative_error": 0.47912525355871055,
    "overall_corr": 0.838049920241038,
    "lag0_error": 0.0,
    "out_of_range_fraction": 0.0,
    "pred_total_variation": 0.9206985831260681,
    "true_total_variation": 2.289085865020752,
    "mse": 0.10598347336053848,
    "mae": 0.29036080837249756,
    "relative_error": 0.47912525355871055,
    "curve_correlation": 0.838049920241038
  },
  "channel_type_mean": {
    "acf_mse": 0.03423069417476654,
    "acf_mae": 0.13366955518722534,
    "acf_corr": 0.7678135146697362,
    "acf_lag0_error": 0.0,
    "acf_pred_total_variation": 0.5050271153450012,
    "acf_true_total_variation": 2.421801805496216,
    "ccf_mse": 0.011546536348760128,
    "ccf_mae": 0.07895411550998688,
    "ccf_corr": 0.8355665100812912,
    "ccf_lag0_error": 0.0,
    "ccf_pred_total_variation": 2.0180697441101074,
    "ccf_true_total_variation": 3.993579387664795,
    "fcf_mse": 0.02863798849284649,
    "fcf_mae": 0.1268390566110611,
    "fcf_corr": 0.9554420678218206,
    "fcf_lag0_error": 0.0,
    "fcf_pred_total_variation": 0.42062342166900635,
    "fcf_true_total_variation": 0.45187580585479736,
    "overall_mse": 0.02480507455766201,
    "overall_mae": 0.11315424740314484,
    "overall_relative_error": 0.23179296233612226,
    "overall_corr": 0.847950412184,
    "lag0_error": 0.0,
    "out_of_range_fraction": 0.0,
    "pred_total_variation": 0.9812401533126831,
    "true_total_variation": 2.289085865020752,
    "mse": 0.02480507455766201,
    "mae": 0.11315424740314484,
    "relative_error": 0.23179296233612226,
    "curve_correlation": 0.847950412184
  },
  "ridge": {
    "acf_mse": 0.01905197836458683,
    "acf_mae": 0.09204772859811783,
    "acf_corr": 0.7274014978426664,
    "acf_lag0_error": 0.0,
    "acf_pred_total_variation": 0.632412314414978,
    "acf_true_total_variation": 2.421801805496216,
    "ccf_mse": 0.0016285540768876672,
    "ccf_mae": 0.03154514729976654,
    "ccf_corr": 0.8088826068540415,
    "ccf_lag0_error": 0.0,
    "ccf_pred_total_variation": 2.4517931938171387,
    "ccf_true_total_variation": 3.993579387664795,
    "fcf_mse": 0.009563274681568146,
    "fcf_mae": 0.0758369117975235,
    "fcf_corr": 0.877619153592425,
    "fcf_lag0_error": 0.0,
    "fcf_pred_total_variation": 0.4544704854488373,
    "fcf_true_total_variation": 0.45187580585479736,
    "overall_mse": 0.010081269778311253,
    "overall_mae": 0.06647657603025436,
    "overall_relative_error": 0.14777046276768838,
    "overall_corr": 0.8159920404409058,
    "lag0_error": 0.0,
    "out_of_range_fraction": 0.08377430555555555,
    "pred_total_variation": 1.1795586347579956,
    "true_total_variation": 2.289085865020752,
    "mse": 0.010081269778311253,
    "mae": 0.06647657603025436,
    "relative_error": 0.14777046276768838,
    "curve_correlation": 0.8159920404409058
  },
  "random_forest": {
    "acf_mse": 0.002522581827938306,
    "acf_mae": 0.0332932650355438,
    "acf_corr": 0.8665416081770255,
    "acf_lag0_error": 0.0,
    "acf_pred_total_variation": 1.3147370942407721,
    "acf_true_total_variation": 2.421801805496216,
    "ccf_mse": 0.0009457480797075967,
    "ccf_mae": 0.019774058318863603,
    "ccf_corr": 0.9050238942690427,
    "ccf_lag0_error": 0.0,
    "ccf_pred_total_variation": 2.5945593853307094,
    "ccf_true_total_variation": 3.993579387664795,
    "fcf_mse": 0.0009482410259330303,
    "fcf_mae": 0.01929320762368499,
    "fcf_corr": 0.9931492892567557,
    "fcf_lag0_error": 0.0,
    "fcf_pred_total_variation": 0.42844119270835823,
    "fcf_true_total_variation": 0.45187580585479736,
    "overall_mse": 0.0014721903111929774,
    "overall_mae": 0.024120176992697463,
    "overall_relative_error": 0.05646926237948784,
    "overall_corr": 0.9597817763648345,
    "lag0_error": 0.0,
    "out_of_range_fraction": 0.0,
    "pred_total_variation": 1.4459125574266134,
    "true_total_variation": 2.289085865020752,
    "mse": 0.0014721903111929774,
    "mae": 0.024120176992697463,
    "relative_error": 0.05646926237948784,
    "curve_correlation": 0.9597817763648345
  },
  "knn": {
    "acf_mse": 0.011332745663821697,
    "acf_mae": 0.06412427127361298,
    "acf_corr": 0.834354450503985,
    "acf_lag0_error": 0.0,
    "acf_pred_total_variation": 1.1345311403274536,
    "acf_true_total_variation": 2.421801805496216,
    "ccf_mse": 0.0013920734636485577,
    "ccf_mae": 0.02696145884692669,
    "ccf_corr": 0.9460461732546488,
    "ccf_lag0_error": 0.0,
    "ccf_pred_total_variation": 2.958542585372925,
    "ccf_true_total_variation": 3.993579387664795,
    "fcf_mse": 0.0021228822879493237,
    "fcf_mae": 0.030246637761592865,
    "fcf_corr": 0.9930791335105896,
    "fcf_lag0_error": 0.0,
    "fcf_pred_total_variation": 0.42709049582481384,
    "fcf_true_total_variation": 0.45187580585479736,
    "overall_mse": 0.004949233494699001,
    "overall_mae": 0.04044412449002266,
    "overall_relative_error": 0.1035377744251762,
    "overall_corr": 0.9469399139285087,
    "lag0_error": 0.0,
    "out_of_range_fraction": 0.0,
    "pred_total_variation": 1.5067214965820312,
    "true_total_variation": 2.289085865020752,
    "mse": 0.004949233494699001,
    "mae": 0.04044412449002266,
    "relative_error": 0.1035377744251762,
    "curve_correlation": 0.9469399139285087
  }
}